{
  "hash": "6e6a1b20",
  "configHash": "ee94077e",
  "lockfileHash": "c2578c94",
  "browserHash": "1cf68cfd",
  "optimized": {
    "@angular/common": {
      "src": "../../../../../node_modules/@angular/common/fesm2022/common.mjs",
      "file": "@angular_common.js",
      "fileHash": "6e1bf03c",
      "needsInterop": false
    },
    "@angular/core": {
      "src": "../../../../../node_modules/@angular/core/fesm2022/core.mjs",
      "file": "@angular_core.js",
      "fileHash": "da77b477",
      "needsInterop": false
    },
    "@angular/platform-browser": {
      "src": "../../../../../node_modules/@angular/platform-browser/fesm2022/platform-browser.mjs",
      "file": "@angular_platform-browser.js",
      "fileHash": "1af2756b",
      "needsInterop": false
    },
    "@angular/router": {
      "src": "../../../../../node_modules/@angular/router/fesm2022/router.mjs",
      "file": "@angular_router.js",
      "fileHash": "d3d87c62",
      "needsInterop": false
    },
    "ngx-lightbox": {
      "src": "../../../../../node_modules/ngx-lightbox/index.js",
      "file": "ngx-lightbox.js",
      "fileHash": "c980dbbe",
      "needsInterop": false
    }
  },
  "chunks": {
    "chunk-Z42PFVL7": {
      "file": "chunk-Z42PFVL7.js"
    },
    "chunk-HAZGHRVZ": {
      "file": "chunk-HAZGHRVZ.js"
    },
    "chunk-2B3IELE4": {
      "file": "chunk-2B3IELE4.js"
    }
  }
}